Id,,Name,,Date,,Time
1,,hjbj,,10-10-2025,,14:58:44
1,,hjbj,,10-10-2025,,14:58:44
1,,hjbj,,10-10-2025,,14:58:45
1,,hjbj,,10-10-2025,,14:58:45
1,,hjbj,,10-10-2025,,14:58:45
1,,hjbj,,10-10-2025,,14:58:45
1,,hjbj,,10-10-2025,,14:58:45
1,,hjbj,,10-10-2025,,14:58:45
1,,hjbj,,10-10-2025,,14:58:46
1,,hjbj,,10-10-2025,,14:58:46
1,,hjbj,,10-10-2025,,14:58:46
1,,hjbj,,10-10-2025,,14:58:46
1,,hjbj,,10-10-2025,,14:58:46
1,,hjbj,,10-10-2025,,14:58:46
1,,hjbj,,10-10-2025,,14:58:46
1,,hjbj,,10-10-2025,,14:58:46
1,,hjbj,,10-10-2025,,14:58:47
1,,hjbj,,10-10-2025,,14:58:47
1,,hjbj,,10-10-2025,,14:58:48
1,,hjbj,,10-10-2025,,14:58:49
1,,hjbj,,10-10-2025,,14:58:49
1,,hjbj,,10-10-2025,,14:58:49
1,,hjbj,,10-10-2025,,14:58:50
1,,hjbj,,10-10-2025,,14:58:50
1,,hjbj,,10-10-2025,,14:58:50
1,,hjbj,,10-10-2025,,14:58:50
1,,hjbj,,10-10-2025,,14:59:02
1,,hjbj,,10-10-2025,,14:59:08
1,,hjbj,,10-10-2025,,14:59:10
1,,hjbj,,10-10-2025,,14:59:10
1,,hjbj,,10-10-2025,,14:59:11
1,,hjbj,,10-10-2025,,14:59:11
1,,hjbj,,10-10-2025,,14:59:11
1,,hjbj,,10-10-2025,,14:59:11
1,,hjbj,,10-10-2025,,14:59:11
1,,hjbj,,10-10-2025,,14:59:12
1,,hjbj,,10-10-2025,,14:59:12
1,,hjbj,,10-10-2025,,14:59:12
1,,hjbj,,10-10-2025,,14:59:12
1,,hjbj,,10-10-2025,,14:59:12
1,,hjbj,,10-10-2025,,14:59:13
1,,hjbj,,10-10-2025,,14:59:13
1,,hjbj,,10-10-2025,,14:59:13
1,,hjbj,,10-10-2025,,14:59:35
1,,hjbj,,10-10-2025,,14:59:35
1,,hjbj,,10-10-2025,,14:59:36
1,,hjbj,,10-10-2025,,14:59:36
1,,hjbj,,10-10-2025,,14:59:36
1,,hjbj,,10-10-2025,,14:59:36
1,,hjbj,,10-10-2025,,14:59:36
1,,hjbj,,10-10-2025,,14:59:37
1,,hjbj,,10-10-2025,,14:59:37
1,,hjbj,,10-10-2025,,14:59:37
1,,hjbj,,10-10-2025,,14:59:38
1,,hjbj,,10-10-2025,,14:59:38
1,,hjbj,,10-10-2025,,14:59:38
1,,hjbj,,10-10-2025,,14:59:38
1,,hjbj,,10-10-2025,,14:59:38
1,,hjbj,,10-10-2025,,14:59:38
1,,hjbj,,10-10-2025,,14:59:39
1,,hjbj,,10-10-2025,,14:59:39
1,,hjbj,,10-10-2025,,14:59:39
1,,hjbj,,10-10-2025,,14:59:39
1,,hjbj,,10-10-2025,,14:59:39
1,,hjbj,,10-10-2025,,14:59:40
1,,hjbj,,10-10-2025,,14:59:40
1,,hjbj,,10-10-2025,,14:59:40
1,,hjbj,,10-10-2025,,14:59:40
1,,hjbj,,10-10-2025,,14:59:40
1,,hjbj,,10-10-2025,,14:59:40
1,,hjbj,,10-10-2025,,14:59:40
1,,hjbj,,10-10-2025,,14:59:40
1,,hjbj,,10-10-2025,,14:59:40
1,,hjbj,,10-10-2025,,14:59:41
1,,hjbj,,10-10-2025,,14:59:41
1,,hjbj,,10-10-2025,,14:59:41
1,,hjbj,,10-10-2025,,14:59:41
1,,hjbj,,10-10-2025,,14:59:41
1,,hjbj,,10-10-2025,,14:59:41
1,,hjbj,,10-10-2025,,14:59:41
1,,hjbj,,10-10-2025,,14:59:41
1,,hjbj,,10-10-2025,,14:59:42
1,,hjbj,,10-10-2025,,14:59:42
1,,hjbj,,10-10-2025,,14:59:42
1,,hjbj,,10-10-2025,,14:59:42
1,,hjbj,,10-10-2025,,14:59:42
1,,hjbj,,10-10-2025,,14:59:42
1,,hjbj,,10-10-2025,,14:59:42
1,,hjbj,,10-10-2025,,14:59:42
1,,hjbj,,10-10-2025,,14:59:43
1,,hjbj,,10-10-2025,,14:59:43
1,,hjbj,,10-10-2025,,14:59:43
1,,hjbj,,10-10-2025,,14:59:43
1,,hjbj,,10-10-2025,,14:59:43
1,,hjbj,,10-10-2025,,14:59:43
1,,hjbj,,10-10-2025,,14:59:43
1,,hjbj,,10-10-2025,,14:59:43
1,,hjbj,,10-10-2025,,14:59:43
1,,hjbj,,10-10-2025,,14:59:44
1,,hjbj,,10-10-2025,,14:59:44
1,,hjbj,,10-10-2025,,14:59:45
1,,hjbj,,10-10-2025,,14:59:45
1,,hjbj,,10-10-2025,,14:59:45
1,,hjbj,,10-10-2025,,14:59:46
1,,hjbj,,10-10-2025,,14:59:46
1,,hjbj,,10-10-2025,,14:59:46
1,,hjbj,,10-10-2025,,14:59:46
1,,hjbj,,10-10-2025,,14:59:46
1,,hjbj,,10-10-2025,,14:59:46
1,,hjbj,,10-10-2025,,14:59:47
1,,hjbj,,10-10-2025,,14:59:47
1,,hjbj,,10-10-2025,,14:59:47
1,,hjbj,,10-10-2025,,14:59:47
1,,hjbj,,10-10-2025,,14:59:47
1,,hjbj,,10-10-2025,,14:59:47
1,,hjbj,,10-10-2025,,14:59:47
1,,hjbj,,10-10-2025,,14:59:47
